{"cameraMode":{"drawMode":0,"name":"Shaded","section":"Shading Mode"},"sceneLighting":true,"audioPlay":false,"sceneViewState":{"m_AlwaysRefresh":false,"showFog":true,"showSkybox":true,"showFlares":true,"showImageEffects":true,"showParticleSystems":true,"showVisualEffectGraphs":true,"m_FxEnabled":true},"in2DMode":false,"pivot":{"x":1.0810750722885132,"y":0.11667191982269287,"z":0.7058645486831665},"rotation":{"x":0.059607189148664477,"y":0.9213603734970093,"z":-0.3508157432079315,"w":0.15654607117176057},"size":1.7975865602493287,"orthographic":false}